"STUSPS","full_metrics","race_eth","metrics","pct"
"AK","avg_exp_year_perc_Hisp","Hisp","avg_exp_year_perc",95.707691220945
"AK","avg_exp_year_perc_Black","Black","avg_exp_year_perc",94.6807215446568
"AK","avg_exp_year_perc_white","white","avg_exp_year_perc",96.146044063783
"AK","avg_exp_year_perc_asian","asian","avg_exp_year_perc",95.9803394258462
"AK","avg_exp_year_perc_aian","aian","avg_exp_year_perc",92.4268128340565
"AK","avg_exp_year_perc_nhpi","nhpi","avg_exp_year_perc",95.7157170760449
"AK","avg_exp_year_perc_twomore","twomore","avg_exp_year_perc",95.3344357976557
"AK","percent_adq_couns_Hisp","Hisp","percent_adq_couns",12.379045712379
"AK","percent_adq_couns_Black","Black","percent_adq_couns",9.61810466760962
"AK","percent_adq_couns_white","white","percent_adq_couns",15.5509276789095
"AK","percent_adq_couns_asian","asian","percent_adq_couns",19.0294627383016
"AK","percent_adq_couns_aian","aian","percent_adq_couns",33.4351300452995
"AK","percent_adq_couns_nhpi","nhpi","percent_adq_couns",13.0148270181219
"AK","percent_adq_couns_twomore","twomore","percent_adq_couns",15.7433155080214
"AK","perc_ap_stem_Hisp","Hisp","perc_ap_stem",60.7273940607274
"AK","perc_ap_stem_Black","Black","perc_ap_stem",59.7595473833098
"AK","perc_ap_stem_white","white","perc_ap_stem",50.9882620219614
"AK","perc_ap_stem_asian","asian","perc_ap_stem",71.4038128249567
"AK","perc_ap_stem_aian","aian","perc_ap_stem",15.244057616939
"AK","perc_ap_stem_nhpi","nhpi","perc_ap_stem",62.2734761120264
"AK","perc_ap_stem_twomore","twomore","perc_ap_stem",53.3048128342246
"AL","avg_exp_year_perc_Hisp","Hisp","avg_exp_year_perc",94.1569154425381
"AL","avg_exp_year_perc_Black","Black","avg_exp_year_perc",94.39688028703
"AL","avg_exp_year_perc_white","white","avg_exp_year_perc",95.7689570861234
"AL","avg_exp_year_perc_asian","asian","avg_exp_year_perc",95.6079307198077
"AL","avg_exp_year_perc_aian","aian","avg_exp_year_perc",95.0908525811268
"AL","avg_exp_year_perc_nhpi","nhpi","avg_exp_year_perc",94.5475162292165
"AL","avg_exp_year_perc_twomore","twomore","avg_exp_year_perc",95.1732186495446
"AL","percent_adq_couns_Hisp","Hisp","percent_adq_couns",2.36018471010775
"AL","percent_adq_couns_Black","Black","percent_adq_couns",5.97452873223114
"AL","percent_adq_couns_white","white","percent_adq_couns",3.14425229920682
"AL","percent_adq_couns_asian","asian","percent_adq_couns",1.54197601370645
"AL","percent_adq_couns_aian","aian","percent_adq_couns",0.937233740414655
"AL","percent_adq_couns_nhpi","nhpi","percent_adq_couns",2.36220472440945
"AL","percent_adq_couns_twomore","twomore","percent_adq_couns",4.35396563897388
"AL","perc_ap_stem_Hisp","Hisp","perc_ap_stem",57.083404594949
"AL","perc_ap_stem_Black","Black","perc_ap_stem",54.0555535007582
"AL","perc_ap_stem_white","white","perc_ap_stem",54.2612809776215
"AL","perc_ap_stem_asian","asian","perc_ap_stem",75.4426042261565
"AL","perc_ap_stem_aian","aian","perc_ap_stem",34.7912524850895
"AL","perc_ap_stem_nhpi","nhpi","perc_ap_stem",59.0551181102362
"AL","perc_ap_stem_twomore","twomore","perc_ap_stem",67.4040950811956
"AR","avg_exp_year_perc_Hisp","Hisp","avg_exp_year_perc",94.5561543777783
"AR","avg_exp_year_perc_Black","Black","avg_exp_year_perc",91.4276053182162
"AR","avg_exp_year_perc_white","white","avg_exp_year_perc",94.1626956306926
"AR","avg_exp_year_perc_asian","asian","avg_exp_year_perc",93.9498323001241
"AR","avg_exp_year_perc_aian","aian","avg_exp_year_perc",93.9298299690423
"AR","avg_exp_year_perc_nhpi","nhpi","avg_exp_year_perc",95.9690177119544
"AR","avg_exp_year_perc_twomore","twomore","avg_exp_year_perc",93.8096486454243
"AR","percent_adq_couns_Hisp","Hisp","percent_adq_couns",8.05684995340168
"AR","percent_adq_couns_Black","Black","percent_adq_couns",21.0924294991549
"AR","percent_adq_couns_white","white","percent_adq_couns",12.0598988791984
"AR","percent_adq_couns_asian","asian","percent_adq_couns",11.9418483904465
"AR","percent_adq_couns_aian","aian","percent_adq_couns",11.231884057971
"AR","percent_adq_couns_nhpi","nhpi","percent_adq_couns",0.951625693893735
"AR","percent_adq_couns_twomore","twomore","percent_adq_couns",10.0139470013947
"AR","perc_ap_stem_Hisp","Hisp","perc_ap_stem",64.9673811742777
"AR","perc_ap_stem_Black","Black","perc_ap_stem",66.7230080360585
"AR","perc_ap_stem_white","white","perc_ap_stem",65.1041139036497
"AR","perc_ap_stem_asian","asian","perc_ap_stem",75.631706472828
"AR","perc_ap_stem_aian","aian","perc_ap_stem",71.7391304347826
"AR","perc_ap_stem_nhpi","nhpi","perc_ap_stem",59.238699444885
"AR","perc_ap_stem_twomore","twomore","perc_ap_stem",65.2161785216178
"AZ","avg_exp_year_perc_Hisp","Hisp","avg_exp_year_perc",91.1759952245288
"AZ","avg_exp_year_perc_Black","Black","avg_exp_year_perc",90.7303249709833
"AZ","avg_exp_year_perc_white","white","avg_exp_year_perc",93.1419920716839
"AZ","avg_exp_year_perc_asian","asian","avg_exp_year_perc",89.0533986237003
"AZ","avg_exp_year_perc_aian","aian","avg_exp_year_perc",92.8747966664139
"AZ","avg_exp_year_perc_nhpi","nhpi","avg_exp_year_perc",92.3282366624718
"AZ","avg_exp_year_perc_twomore","twomore","avg_exp_year_perc",92.4393955482495
"AZ","percent_adq_couns_Hisp","Hisp","percent_adq_couns",6.46723700766989
"AZ","percent_adq_couns_Black","Black","percent_adq_couns",5.32998745294856
"AZ","percent_adq_couns_white","white","percent_adq_couns",7.16779681581041
"AZ","percent_adq_couns_asian","asian","percent_adq_couns",2.82433271260087
"AZ","percent_adq_couns_aian","aian","percent_adq_couns",39.0667323319379
"AZ","percent_adq_couns_nhpi","nhpi","percent_adq_couns",7.38413197172035
"AZ","percent_adq_couns_twomore","twomore","percent_adq_couns",7.23080133555927
"AZ","perc_ap_stem_Hisp","Hisp","perc_ap_stem",69.36661797902
"AZ","perc_ap_stem_Black","Black","perc_ap_stem",72.3563362609787
"AZ","perc_ap_stem_white","white","perc_ap_stem",72.7726175871878
"AZ","perc_ap_stem_asian","asian","perc_ap_stem",85.5214152700186
"AZ","perc_ap_stem_aian","aian","perc_ap_stem",44.6010834769761
"AZ","perc_ap_stem_nhpi","nhpi","perc_ap_stem",67.1641791044776
"AZ","perc_ap_stem_twomore","twomore","perc_ap_stem",68.4578464106845
"CA","avg_exp_year_perc_Hisp","Hisp","avg_exp_year_perc",94.3117038371158
"CA","avg_exp_year_perc_Black","Black","avg_exp_year_perc",93.6199758696907
"CA","avg_exp_year_perc_white","white","avg_exp_year_perc",95.3171915553071
"CA","avg_exp_year_perc_asian","asian","avg_exp_year_perc",94.6273452383421
"CA","avg_exp_year_perc_aian","aian","avg_exp_year_perc",94.4412395867241
"CA","avg_exp_year_perc_nhpi","nhpi","avg_exp_year_perc",94.0955720828157
"CA","avg_exp_year_perc_twomore","twomore","avg_exp_year_perc",94.8358914779358
"CA","percent_adq_couns_Hisp","Hisp","percent_adq_couns",12.9271203001783
"CA","percent_adq_couns_Black","Black","percent_adq_couns",13.1175202067592
"CA","percent_adq_couns_white","white","percent_adq_couns",8.14239680247846
"CA","percent_adq_couns_asian","asian","percent_adq_couns",8.2584620341099
"CA","percent_adq_couns_aian","aian","percent_adq_couns",18.5625814863103
"CA","percent_adq_couns_nhpi","nhpi","percent_adq_couns",10.6337271750806
"CA","percent_adq_couns_twomore","twomore","percent_adq_couns",12.5074949034656
"CA","perc_ap_stem_Hisp","Hisp","perc_ap_stem",74.4960098509642
"CA","perc_ap_stem_Black","Black","perc_ap_stem",69.061846675556
"CA","perc_ap_stem_white","white","perc_ap_stem",74.4140905135732
"CA","perc_ap_stem_asian","asian","perc_ap_stem",87.8710508829511
"CA","perc_ap_stem_aian","aian","perc_ap_stem",54.8647327249022
"CA","perc_ap_stem_nhpi","nhpi","perc_ap_stem",76.0277316668294
"CA","perc_ap_stem_twomore","twomore","perc_ap_stem",68.3894951433026
"CO","avg_exp_year_perc_Hisp","Hisp","avg_exp_year_perc",95.912471063639
"CO","avg_exp_year_perc_Black","Black","avg_exp_year_perc",96.4288441238449
"CO","avg_exp_year_perc_white","white","avg_exp_year_perc",95.7286427446438
"CO","avg_exp_year_perc_asian","asian","avg_exp_year_perc",96.444627252808
"CO","avg_exp_year_perc_aian","aian","avg_exp_year_perc",94.3413805494786
"CO","avg_exp_year_perc_nhpi","nhpi","avg_exp_year_perc",95.4710557564353
"CO","avg_exp_year_perc_twomore","twomore","avg_exp_year_perc",95.9820884294513
"CO","percent_adq_couns_Hisp","Hisp","percent_adq_couns",23.5048787396345
"CO","percent_adq_couns_Black","Black","percent_adq_couns",15.8996988162779
"CO","percent_adq_couns_white","white","percent_adq_couns",20.5856844335532
"CO","percent_adq_couns_asian","asian","percent_adq_couns",11.406059469093
"CO","percent_adq_couns_aian","aian","percent_adq_couns",30.6122448979592
"CO","percent_adq_couns_nhpi","nhpi","percent_adq_couns",22.4704336399474
"CO","percent_adq_couns_twomore","twomore","percent_adq_couns",17.1861693067621
"CO","perc_ap_stem_Hisp","Hisp","perc_ap_stem",57.6834044714455
"CO","perc_ap_stem_Black","Black","perc_ap_stem",65.2798206906213
"CO","perc_ap_stem_white","white","perc_ap_stem",71.4899388238581
"CO","perc_ap_stem_asian","asian","perc_ap_stem",80.6866147640934
"CO","perc_ap_stem_aian","aian","perc_ap_stem",61.3547546678246
"CO","perc_ap_stem_nhpi","nhpi","perc_ap_stem",66.4914586070959
"CO","perc_ap_stem_twomore","twomore","perc_ap_stem",71.2570260602964
"CT","avg_exp_year_perc_Hisp","Hisp","avg_exp_year_perc",95.1954508271003
"CT","avg_exp_year_perc_Black","Black","avg_exp_year_perc",94.3304155617985
"CT","avg_exp_year_perc_white","white","avg_exp_year_perc",96.6784706790021
"CT","avg_exp_year_perc_asian","asian","avg_exp_year_perc",96.5800239760028
"CT","avg_exp_year_perc_aian","aian","avg_exp_year_perc",96.0917637605318
"CT","avg_exp_year_perc_nhpi","nhpi","avg_exp_year_perc",95.0689565024787
"CT","avg_exp_year_perc_twomore","twomore","avg_exp_year_perc",96.3187286942132
"CT","percent_adq_couns_Hisp","Hisp","percent_adq_couns",76.8953163001125
"CT","percent_adq_couns_Black","Black","percent_adq_couns",65.1413455464308
"CT","percent_adq_couns_white","white","percent_adq_couns",92.9359823399558
"CT","percent_adq_couns_asian","asian","percent_adq_couns",89.6393605155534
"CT","percent_adq_couns_aian","aian","percent_adq_couns",84.4097995545657
"CT","percent_adq_couns_nhpi","nhpi","percent_adq_couns",79.3333333333333
"CT","percent_adq_couns_twomore","twomore","percent_adq_couns",89.7637795275591
"CT","perc_ap_stem_Hisp","Hisp","perc_ap_stem",70.8491330840242
"CT","perc_ap_stem_Black","Black","perc_ap_stem",66.6890397978522
"CT","perc_ap_stem_white","white","perc_ap_stem",88.1197996264222
"CT","perc_ap_stem_asian","asian","perc_ap_stem",89.92440203247
"CT","perc_ap_stem_aian","aian","perc_ap_stem",81.7371937639198
"CT","perc_ap_stem_nhpi","nhpi","perc_ap_stem",83.3333333333333
"CT","perc_ap_stem_twomore","twomore","perc_ap_stem",76.0305697081982
"DC","avg_exp_year_perc_Hisp","Hisp","avg_exp_year_perc",93.5570904734726
"DC","avg_exp_year_perc_Black","Black","avg_exp_year_perc",91.2064607123004
"DC","avg_exp_year_perc_white","white","avg_exp_year_perc",94.2103306303177
"DC","avg_exp_year_perc_asian","asian","avg_exp_year_perc",94.8514966817918
"DC","avg_exp_year_perc_aian","aian","avg_exp_year_perc",92.7539190193061
"DC","avg_exp_year_perc_nhpi","nhpi","avg_exp_year_perc",92.934100959014
"DC","avg_exp_year_perc_twomore","twomore","avg_exp_year_perc",93.4685256461952
"DC","percent_adq_couns_Hisp","Hisp","percent_adq_couns",70.8415841584158
"DC","percent_adq_couns_Black","Black","percent_adq_couns",65.0788016470254
"DC","percent_adq_couns_white","white","percent_adq_couns",37.4830852503383
"DC","percent_adq_couns_asian","asian","percent_adq_couns",45.4285714285714
"DC","percent_adq_couns_aian","aian","percent_adq_couns",80.6451612903226
"DC","percent_adq_couns_nhpi","nhpi","percent_adq_couns",40.7407407407407
"DC","percent_adq_couns_twomore","twomore","percent_adq_couns",42.2145328719723
"DC","perc_ap_stem_Hisp","Hisp","perc_ap_stem",73.8366336633663
"DC","perc_ap_stem_Black","Black","perc_ap_stem",45.2719011784751
"DC","perc_ap_stem_white","white","perc_ap_stem",90.2571041948579
"DC","perc_ap_stem_asian","asian","perc_ap_stem",88.5714285714286
"DC","perc_ap_stem_aian","aian","perc_ap_stem",64.5161290322581
"DC","perc_ap_stem_nhpi","nhpi","perc_ap_stem",81.4814814814815
"DC","perc_ap_stem_twomore","twomore","perc_ap_stem",80.9688581314879
"DE","avg_exp_year_perc_Hisp","Hisp","avg_exp_year_perc",93.3708180513226
"DE","avg_exp_year_perc_Black","Black","avg_exp_year_perc",93.208664401506
"DE","avg_exp_year_perc_white","white","avg_exp_year_perc",94.4232155671756
"DE","avg_exp_year_perc_asian","asian","avg_exp_year_perc",95.2095658602994
"DE","avg_exp_year_perc_aian","aian","avg_exp_year_perc",92.7477057069546
"DE","avg_exp_year_perc_nhpi","nhpi","avg_exp_year_perc",93.1411967839936
"DE","avg_exp_year_perc_twomore","twomore","avg_exp_year_perc",94.0095239197187
"DE","percent_adq_couns_Hisp","Hisp","percent_adq_couns",21.9128678592037
"DE","percent_adq_couns_Black","Black","percent_adq_couns",20.3971382683603
"DE","percent_adq_couns_white","white","percent_adq_couns",19.6146332800568
"DE","percent_adq_couns_asian","asian","percent_adq_couns",24.0376007162041
"DE","percent_adq_couns_aian","aian","percent_adq_couns",18
"DE","percent_adq_couns_nhpi","nhpi","percent_adq_couns",18.6440677966102
"DE","percent_adq_couns_twomore","twomore","percent_adq_couns",18.8
"DE","perc_ap_stem_Hisp","Hisp","perc_ap_stem",68.9267166762839
"DE","perc_ap_stem_Black","Black","perc_ap_stem",69.3020878960432
"DE","perc_ap_stem_white","white","perc_ap_stem",75.5904812644291
"DE","perc_ap_stem_asian","asian","perc_ap_stem",79.5434198746643
"DE","perc_ap_stem_aian","aian","perc_ap_stem",72.5
"DE","perc_ap_stem_nhpi","nhpi","perc_ap_stem",64.4067796610169
"DE","perc_ap_stem_twomore","twomore","perc_ap_stem",78.8
"FL","avg_exp_year_perc_Hisp","Hisp","avg_exp_year_perc",86.6530339301658
"FL","avg_exp_year_perc_Black","Black","avg_exp_year_perc",84.9714969556606
"FL","avg_exp_year_perc_white","white","avg_exp_year_perc",89.5330887013535
"FL","avg_exp_year_perc_asian","asian","avg_exp_year_perc",88.6320749927073
"FL","avg_exp_year_perc_aian","aian","avg_exp_year_perc",87.9794566052882
"FL","avg_exp_year_perc_nhpi","nhpi","avg_exp_year_perc",86.7670312317407
"FL","avg_exp_year_perc_twomore","twomore","avg_exp_year_perc",88.5667569285028
"FL","percent_adq_couns_Hisp","Hisp","percent_adq_couns",5.80156449772474
"FL","percent_adq_couns_Black","Black","percent_adq_couns",8.30813485440515
"FL","percent_adq_couns_white","white","percent_adq_couns",4.71376075420172
"FL","percent_adq_couns_asian","asian","percent_adq_couns",3.72734918571756
"FL","percent_adq_couns_aian","aian","percent_adq_couns",5.82232893157263
"FL","percent_adq_couns_nhpi","nhpi","percent_adq_couns",5.70032573289902
"FL","percent_adq_couns_twomore","twomore","percent_adq_couns",5.56308419333542
"FL","perc_ap_stem_Hisp","Hisp","perc_ap_stem",78.2870949559384
"FL","perc_ap_stem_Black","Black","perc_ap_stem",65.9472010053211
"FL","perc_ap_stem_white","white","perc_ap_stem",76.6697402671584
"FL","perc_ap_stem_asian","asian","perc_ap_stem",87.300252312868
"FL","perc_ap_stem_aian","aian","perc_ap_stem",68.3673469387755
"FL","perc_ap_stem_nhpi","nhpi","perc_ap_stem",78.5830618892508
"FL","perc_ap_stem_twomore","twomore","perc_ap_stem",75.6801834671114
"GA","avg_exp_year_perc_Hisp","Hisp","avg_exp_year_perc",94.0088410316952
"GA","avg_exp_year_perc_Black","Black","avg_exp_year_perc",92.3405861760145
"GA","avg_exp_year_perc_white","white","avg_exp_year_perc",95.742565985854
"GA","avg_exp_year_perc_asian","asian","avg_exp_year_perc",94.4515452865762
"GA","avg_exp_year_perc_aian","aian","avg_exp_year_perc",94.2515592837706
"GA","avg_exp_year_perc_nhpi","nhpi","avg_exp_year_perc",93.5211554951664
"GA","avg_exp_year_perc_twomore","twomore","avg_exp_year_perc",94.6072953658375
"GA","percent_adq_couns_Hisp","Hisp","percent_adq_couns",2.9032976535171
"GA","percent_adq_couns_Black","Black","percent_adq_couns",7.83945184500102
"GA","percent_adq_couns_white","white","percent_adq_couns",1.29133579596983
"GA","percent_adq_couns_asian","asian","percent_adq_couns",0.952771699489424
"GA","percent_adq_couns_aian","aian","percent_adq_couns",3.69318181818182
"GA","percent_adq_couns_nhpi","nhpi","percent_adq_couns",4.71204188481675
"GA","percent_adq_couns_twomore","twomore","percent_adq_couns",3.2349537037037
"GA","perc_ap_stem_Hisp","Hisp","perc_ap_stem",83.6623999371127
"GA","perc_ap_stem_Black","Black","perc_ap_stem",74.4290466458821
"GA","perc_ap_stem_white","white","perc_ap_stem",76.0007963016213
"GA","perc_ap_stem_asian","asian","perc_ap_stem",94.287928519329
"GA","perc_ap_stem_aian","aian","perc_ap_stem",80.3030303030303
"GA","perc_ap_stem_nhpi","nhpi","perc_ap_stem",77.8359511343805
"GA","perc_ap_stem_twomore","twomore","perc_ap_stem",82.0949074074074
"HI","avg_exp_year_perc_Hisp","Hisp","avg_exp_year_perc",91.8460054910979
"HI","avg_exp_year_perc_Black","Black","avg_exp_year_perc",90.1650750583408
"HI","avg_exp_year_perc_white","white","avg_exp_year_perc",91.3385918488634
"HI","avg_exp_year_perc_asian","asian","avg_exp_year_perc",93.0132081528134
"HI","avg_exp_year_perc_aian","aian","avg_exp_year_perc",91.5810470624162
"HI","avg_exp_year_perc_nhpi","nhpi","avg_exp_year_perc",91.9376196745597
"HI","avg_exp_year_perc_twomore","twomore","avg_exp_year_perc",92.4620722355068
"HI","percent_adq_couns_Hisp","Hisp","percent_adq_couns",67.5226877775632
"HI","percent_adq_couns_Black","Black","percent_adq_couns",53.6728697355534
"HI","percent_adq_couns_white","white","percent_adq_couns",57.4601951720596
"HI","percent_adq_couns_asian","asian","percent_adq_couns",63.3032694475761
"HI","percent_adq_couns_aian","aian","percent_adq_couns",57.0796460176991
"HI","percent_adq_couns_nhpi","nhpi","percent_adq_couns",69.6767625349962
"HI","percent_adq_couns_twomore","twomore","percent_adq_couns",72.2201210287443
"HI","perc_ap_stem_Hisp","Hisp","perc_ap_stem",74.1069704576173
"HI","perc_ap_stem_Black","Black","perc_ap_stem",86.7776689520078
"HI","perc_ap_stem_white","white","perc_ap_stem",67.5269645608629
"HI","perc_ap_stem_asian","asian","perc_ap_stem",89.0540125038434
"HI","perc_ap_stem_aian","aian","perc_ap_stem",72.1238938053097
"HI","perc_ap_stem_nhpi","nhpi","perc_ap_stem",70.2112496818529
"HI","perc_ap_stem_twomore","twomore","perc_ap_stem",77.3260211800303
"IA","avg_exp_year_perc_Hisp","Hisp","avg_exp_year_perc",95.0020066020431
"IA","avg_exp_year_perc_Black","Black","avg_exp_year_perc",95.2448090940811
"IA","avg_exp_year_perc_white","white","avg_exp_year_perc",95.7345876619851
"IA","avg_exp_year_perc_asian","asian","avg_exp_year_perc",95.2992283136827
"IA","avg_exp_year_perc_aian","aian","avg_exp_year_perc",94.8072979879601
"IA","avg_exp_year_perc_nhpi","nhpi","avg_exp_year_perc",95.5470469186653
"IA","avg_exp_year_perc_twomore","twomore","avg_exp_year_perc",95.3937732692455
"IA","percent_adq_couns_Hisp","Hisp","percent_adq_couns",13.3559066967645
"IA","percent_adq_couns_Black","Black","percent_adq_couns",11.2330316742081
"IA","percent_adq_couns_white","white","percent_adq_couns",17.9308651363211
"IA","percent_adq_couns_asian","asian","percent_adq_couns",6.67506297229219
"IA","percent_adq_couns_aian","aian","percent_adq_couns",23.5815602836879
"IA","percent_adq_couns_nhpi","nhpi","percent_adq_couns",10
"IA","percent_adq_couns_twomore","twomore","percent_adq_couns",12.9236868186323
"IA","perc_ap_stem_Hisp","Hisp","perc_ap_stem",53.3421118635566
"IA","perc_ap_stem_Black","Black","perc_ap_stem",71.5610859728507
"IA","perc_ap_stem_white","white","perc_ap_stem",38.3608193526924
"IA","perc_ap_stem_asian","asian","perc_ap_stem",68.3123425692695
"IA","perc_ap_stem_aian","aian","perc_ap_stem",47.5177304964539
"IA","perc_ap_stem_nhpi","nhpi","perc_ap_stem",57.6315789473684
"IA","perc_ap_stem_twomore","twomore","perc_ap_stem",56.7294350842418
"ID","avg_exp_year_perc_Hisp","Hisp","avg_exp_year_perc",91.8623094116275
"ID","avg_exp_year_perc_Black","Black","avg_exp_year_perc",93.296405337673
"ID","avg_exp_year_perc_white","white","avg_exp_year_perc",93.4735224532104
"ID","avg_exp_year_perc_asian","asian","avg_exp_year_perc",93.7856688557353
"ID","avg_exp_year_perc_aian","aian","avg_exp_year_perc",93.7159499455488
"ID","avg_exp_year_perc_nhpi","nhpi","avg_exp_year_perc",93.400893257924
"ID","avg_exp_year_perc_twomore","twomore","avg_exp_year_perc",93.7898478232478
"ID","percent_adq_couns_Hisp","Hisp","percent_adq_couns",16.3997544779867
"ID","percent_adq_couns_Black","Black","percent_adq_couns",9.24556213017751
"ID","percent_adq_couns_white","white","percent_adq_couns",12.1329422800622
"ID","percent_adq_couns_asian","asian","percent_adq_couns",7.69689737470167
"ID","percent_adq_couns_aian","aian","percent_adq_couns",29.4308943089431
"ID","percent_adq_couns_nhpi","nhpi","percent_adq_couns",12.0204603580563
"ID","percent_adq_couns_twomore","twomore","percent_adq_couns",10.7142857142857
"ID","perc_ap_stem_Hisp","Hisp","perc_ap_stem",45.1927905808828
"ID","perc_ap_stem_Black","Black","perc_ap_stem",51.2573964497041
"ID","perc_ap_stem_white","white","perc_ap_stem",43.0744386525286
"ID","perc_ap_stem_asian","asian","perc_ap_stem",53.400954653938
"ID","perc_ap_stem_aian","aian","perc_ap_stem",31.1382113821138
"ID","perc_ap_stem_nhpi","nhpi","perc_ap_stem",49.1048593350384
"ID","perc_ap_stem_twomore","twomore","perc_ap_stem",49.8079877112135
"IL","avg_exp_year_perc_Hisp","Hisp","avg_exp_year_perc",93.137737139356
"IL","avg_exp_year_perc_Black","Black","avg_exp_year_perc",91.5840073634626
"IL","avg_exp_year_perc_white","white","avg_exp_year_perc",95.0746097563459
"IL","avg_exp_year_perc_asian","asian","avg_exp_year_perc",94.9518121400909
"IL","avg_exp_year_perc_aian","aian","avg_exp_year_perc",93.9426221003092
"IL","avg_exp_year_perc_nhpi","nhpi","avg_exp_year_perc",94.0762622562962
"IL","avg_exp_year_perc_twomore","twomore","avg_exp_year_perc",94.3788133415609
"IL","percent_adq_couns_Hisp","Hisp","percent_adq_couns",24.8413277741349
"IL","percent_adq_couns_Black","Black","percent_adq_couns",35.6238351057998
"IL","percent_adq_couns_white","white","percent_adq_couns",28.5904978494092
"IL","percent_adq_couns_asian","asian","percent_adq_couns",35.426479949077
"IL","percent_adq_couns_aian","aian","percent_adq_couns",25.7654534950895
"IL","percent_adq_couns_nhpi","nhpi","percent_adq_couns",28.9017341040462
"IL","percent_adq_couns_twomore","twomore","percent_adq_couns",25.8584406918852
"IL","perc_ap_stem_Hisp","Hisp","perc_ap_stem",77.8452744751135
"IL","perc_ap_stem_Black","Black","perc_ap_stem",64.1395314841209
"IL","perc_ap_stem_white","white","perc_ap_stem",68.7187917140456
"IL","perc_ap_stem_asian","asian","perc_ap_stem",90.4455760661999
"IL","perc_ap_stem_aian","aian","perc_ap_stem",74.8122472559214
"IL","perc_ap_stem_nhpi","nhpi","perc_ap_stem",77.8901734104046
"IL","perc_ap_stem_twomore","twomore","perc_ap_stem",76.7489606323462
"IN","avg_exp_year_perc_Hisp","Hisp","avg_exp_year_perc",93.4360988565737
"IN","avg_exp_year_perc_Black","Black","avg_exp_year_perc",91.005530397511
"IN","avg_exp_year_perc_white","white","avg_exp_year_perc",94.6784307777316
"IN","avg_exp_year_perc_asian","asian","avg_exp_year_perc",94.1062860627271
"IN","avg_exp_year_perc_aian","aian","avg_exp_year_perc",94.4800879761698
"IN","avg_exp_year_perc_nhpi","nhpi","avg_exp_year_perc",93.2920109278255
"IN","avg_exp_year_perc_twomore","twomore","avg_exp_year_perc",93.4657552549661
"IN","percent_adq_couns_Hisp","Hisp","percent_adq_couns",12.9344311982219
"IN","percent_adq_couns_Black","Black","percent_adq_couns",24.7605927966761
"IN","percent_adq_couns_white","white","percent_adq_couns",9.52700704253499
"IN","percent_adq_couns_asian","asian","percent_adq_couns",8.65016585863741
"IN","percent_adq_couns_aian","aian","percent_adq_couns",12.6674786845311
"IN","percent_adq_couns_nhpi","nhpi","percent_adq_couns",12.8205128205128
"IN","percent_adq_couns_twomore","twomore","percent_adq_couns",13.1819677525502
"IN","perc_ap_stem_Hisp","Hisp","perc_ap_stem",70.1985249545363
"IN","perc_ap_stem_Black","Black","perc_ap_stem",59.7795898415802
"IN","perc_ap_stem_white","white","perc_ap_stem",74.4186511267257
"IN","perc_ap_stem_asian","asian","perc_ap_stem",82.9038019903036
"IN","perc_ap_stem_aian","aian","perc_ap_stem",71.1327649208283
"IN","perc_ap_stem_nhpi","nhpi","perc_ap_stem",65.3846153846154
"IN","perc_ap_stem_twomore","twomore","perc_ap_stem",72.3066798288911
"KS","avg_exp_year_perc_Hisp","Hisp","avg_exp_year_perc",92.3615529492321
"KS","avg_exp_year_perc_Black","Black","avg_exp_year_perc",90.6399186428564
"KS","avg_exp_year_perc_white","white","avg_exp_year_perc",94.715703946474
"KS","avg_exp_year_perc_asian","asian","avg_exp_year_perc",93.2305636694016
"KS","avg_exp_year_perc_aian","aian","avg_exp_year_perc",93.7104911287848
"KS","avg_exp_year_perc_nhpi","nhpi","avg_exp_year_perc",90.9573452703056
"KS","avg_exp_year_perc_twomore","twomore","avg_exp_year_perc",93.4373809338034
"KS","percent_adq_couns_Hisp","Hisp","percent_adq_couns",11.8085143233226
"KS","percent_adq_couns_Black","Black","percent_adq_couns",6.32027917797596
"KS","percent_adq_couns_white","white","percent_adq_couns",23.1973015345147
"KS","percent_adq_couns_asian","asian","percent_adq_couns",6.08597285067873
"KS","percent_adq_couns_aian","aian","percent_adq_couns",25.4426229508197
"KS","percent_adq_couns_nhpi","nhpi","percent_adq_couns",11.1969111969112
"KS","percent_adq_couns_twomore","twomore","percent_adq_couns",14.6480044345898
"KS","perc_ap_stem_Hisp","Hisp","perc_ap_stem",49.5964529426028
"KS","perc_ap_stem_Black","Black","perc_ap_stem",62.6308646762311
"KS","perc_ap_stem_white","white","perc_ap_stem",44.8306332842415
"KS","perc_ap_stem_asian","asian","perc_ap_stem",69.9773755656109
"KS","perc_ap_stem_aian","aian","perc_ap_stem",39.4754098360656
"KS","perc_ap_stem_nhpi","nhpi","perc_ap_stem",62.5482625482625
"KS","perc_ap_stem_twomore","twomore","perc_ap_stem",61.2943458980044
"KY","avg_exp_year_perc_Hisp","Hisp","avg_exp_year_perc",92.7344174567417
"KY","avg_exp_year_perc_Black","Black","avg_exp_year_perc",90.5607082773177
"KY","avg_exp_year_perc_white","white","avg_exp_year_perc",94.2253992340573
"KY","avg_exp_year_perc_asian","asian","avg_exp_year_perc",94.0747049420973
"KY","avg_exp_year_perc_aian","aian","avg_exp_year_perc",93.4132118892196
"KY","avg_exp_year_perc_nhpi","nhpi","avg_exp_year_perc",93.9469243481225
"KY","avg_exp_year_perc_twomore","twomore","avg_exp_year_perc",93.3102053657756
"KY","percent_adq_couns_Hisp","Hisp","percent_adq_couns",6.05484883528829
"KY","percent_adq_couns_Black","Black","percent_adq_couns",14.2875614171192
"KY","percent_adq_couns_white","white","percent_adq_couns",5.25642181162686
"KY","percent_adq_couns_asian","asian","percent_adq_couns",7.11947626841244
"KY","percent_adq_couns_aian","aian","percent_adq_couns",5.88235294117647
"KY","percent_adq_couns_nhpi","nhpi","percent_adq_couns",6.63900414937759
"KY","percent_adq_couns_twomore","twomore","percent_adq_couns",8.90070313839822
"KY","perc_ap_stem_Hisp","Hisp","perc_ap_stem",72.7160085907814
"KY","perc_ap_stem_Black","Black","perc_ap_stem",68.5544349625032
"KY","perc_ap_stem_white","white","perc_ap_stem",68.6207000150218
"KY","perc_ap_stem_asian","asian","perc_ap_stem",82.2422258592471
"KY","perc_ap_stem_aian","aian","perc_ap_stem",73.5294117647059
"KY","perc_ap_stem_nhpi","nhpi","perc_ap_stem",74.2738589211618
"KY","perc_ap_stem_twomore","twomore","perc_ap_stem",72.4404047333219
"LA","avg_exp_year_perc_Hisp","Hisp","avg_exp_year_perc",91.1493786106568
"LA","avg_exp_year_perc_Black","Black","avg_exp_year_perc",90.3267423400235
"LA","avg_exp_year_perc_white","white","avg_exp_year_perc",94.5635770103029
"LA","avg_exp_year_perc_asian","asian","avg_exp_year_perc",92.6458133290063
"LA","avg_exp_year_perc_aian","aian","avg_exp_year_perc",94.3579921023805
"LA","avg_exp_year_perc_nhpi","nhpi","avg_exp_year_perc",94.4417494615174
"LA","avg_exp_year_perc_twomore","twomore","avg_exp_year_perc",93.21402684113
"LA","percent_adq_couns_Hisp","Hisp","percent_adq_couns",11.6320740630133
"LA","percent_adq_couns_Black","Black","percent_adq_couns",19.4658392529332
"LA","percent_adq_couns_white","white","percent_adq_couns",5.89274165464405
"LA","percent_adq_couns_asian","asian","percent_adq_couns",12.0204603580563
"LA","percent_adq_couns_aian","aian","percent_adq_couns",2.66140956136028
"LA","percent_adq_couns_nhpi","nhpi","percent_adq_couns",14.7058823529412
"LA","percent_adq_couns_twomore","twomore","percent_adq_couns",8.84561238854998
"LA","perc_ap_stem_Hisp","Hisp","perc_ap_stem",34.9932805733911
"LA","perc_ap_stem_Black","Black","perc_ap_stem",27.3395721925134
"LA","perc_ap_stem_white","white","perc_ap_stem",35.8522793227534
"LA","perc_ap_stem_asian","asian","perc_ap_stem",54.5012787723785
"LA","perc_ap_stem_aian","aian","perc_ap_stem",10.5470675209463
"LA","perc_ap_stem_nhpi","nhpi","perc_ap_stem",57.3529411764706
"LA","perc_ap_stem_twomore","twomore","perc_ap_stem",31.370248709526
"MA","avg_exp_year_perc_Hisp","Hisp","avg_exp_year_perc",93.3373545221555
"MA","avg_exp_year_perc_Black","Black","avg_exp_year_perc",93.7956209420418
"MA","avg_exp_year_perc_white","white","avg_exp_year_perc",94.7457036494744
"MA","avg_exp_year_perc_asian","asian","avg_exp_year_perc",95.2895783012623
"MA","avg_exp_year_perc_aian","aian","avg_exp_year_perc",95.0293529677697
"MA","avg_exp_year_perc_nhpi","nhpi","avg_exp_year_perc",95.1384305078556
"MA","avg_exp_year_perc_twomore","twomore","avg_exp_year_perc",94.9010855059226
"MA","percent_adq_couns_Hisp","Hisp","percent_adq_couns",71.8432248632488
"MA","percent_adq_couns_Black","Black","percent_adq_couns",65.9286628651228
"MA","percent_adq_couns_white","white","percent_adq_couns",80.4552657393667
"MA","percent_adq_couns_asian","asian","percent_adq_couns",75.6638234301961
"MA","percent_adq_couns_aian","aian","percent_adq_couns",79.4037940379404
"MA","percent_adq_couns_nhpi","nhpi","percent_adq_couns",81.7275747508306
"MA","percent_adq_couns_twomore","twomore","percent_adq_couns",76.0732984293194
"MA","perc_ap_stem_Hisp","Hisp","perc_ap_stem",76.5658623125318
"MA","perc_ap_stem_Black","Black","perc_ap_stem",75.9949959269173
"MA","perc_ap_stem_white","white","perc_ap_stem",88.7179616168222
"MA","perc_ap_stem_asian","asian","perc_ap_stem",90.7715290829358
"MA","perc_ap_stem_aian","aian","perc_ap_stem",81.8428184281843
"MA","perc_ap_stem_nhpi","nhpi","perc_ap_stem",87.375415282392
"MA","perc_ap_stem_twomore","twomore","perc_ap_stem",85.3298429319372
"MD","avg_exp_year_perc_Hisp","Hisp","avg_exp_year_perc",90.8791602668115
"MD","avg_exp_year_perc_Black","Black","avg_exp_year_perc",90.7781103224595
"MD","avg_exp_year_perc_white","white","avg_exp_year_perc",94.3369704774683
"MD","avg_exp_year_perc_asian","asian","avg_exp_year_perc",94.184033859629
"MD","avg_exp_year_perc_aian","aian","avg_exp_year_perc",92.4202710499913
"MD","avg_exp_year_perc_nhpi","nhpi","avg_exp_year_perc",91.4970077347127
"MD","avg_exp_year_perc_twomore","twomore","avg_exp_year_perc",93.3317027403794
"MD","percent_adq_couns_Hisp","Hisp","percent_adq_couns",35.8931394992094
"MD","percent_adq_couns_Black","Black","percent_adq_couns",20.4645566084359
"MD","percent_adq_couns_white","white","percent_adq_couns",15.4961477409114
"MD","percent_adq_couns_asian","asian","percent_adq_couns",24.3556774672838
"MD","percent_adq_couns_aian","aian","percent_adq_couns",16.2246489859594
"MD","percent_adq_couns_nhpi","nhpi","percent_adq_couns",18.3183183183183
"MD","percent_adq_couns_twomore","twomore","percent_adq_couns",22.173540337175
"MD","perc_ap_stem_Hisp","Hisp","perc_ap_stem",73.4878342340641
"MD","perc_ap_stem_Black","Black","perc_ap_stem",65.3763510174262
"MD","perc_ap_stem_white","white","perc_ap_stem",83.7169460683727
"MD","perc_ap_stem_asian","asian","perc_ap_stem",89.5822618435339
"MD","perc_ap_stem_aian","aian","perc_ap_stem",75.9750390015601
"MD","perc_ap_stem_nhpi","nhpi","perc_ap_stem",64.5645645645646
"MD","perc_ap_stem_twomore","twomore","perc_ap_stem",82.6459662825031
"ME","avg_exp_year_perc_Hisp","Hisp","avg_exp_year_perc",94.8007927529146
"ME","avg_exp_year_perc_Black","Black","avg_exp_year_perc",93.5374818334582
"ME","avg_exp_year_perc_white","white","avg_exp_year_perc",94.6759946690512
"ME","avg_exp_year_perc_asian","asian","avg_exp_year_perc",95.8284755143325
"ME","avg_exp_year_perc_aian","aian","avg_exp_year_perc",95.2188851383621
"ME","avg_exp_year_perc_nhpi","nhpi","avg_exp_year_perc",95.9006030817005
"ME","avg_exp_year_perc_twomore","twomore","avg_exp_year_perc",94.3871244629743
"ME","percent_adq_couns_Hisp","Hisp","percent_adq_couns",70.1949860724234
"ME","percent_adq_couns_Black","Black","percent_adq_couns",59.8509052183174
"ME","percent_adq_couns_white","white","percent_adq_couns",74.2299286627356
"ME","percent_adq_couns_asian","asian","percent_adq_couns",79.1571753986333
"ME","percent_adq_couns_aian","aian","percent_adq_couns",56.6176470588235
"ME","percent_adq_couns_nhpi","nhpi","percent_adq_couns",78.125
"ME","percent_adq_couns_twomore","twomore","percent_adq_couns",69.9696663296259
"ME","perc_ap_stem_Hisp","Hisp","perc_ap_stem",82.544103992572
"ME","perc_ap_stem_Black","Black","perc_ap_stem",88.0191693290735
"ME","perc_ap_stem_white","white","perc_ap_stem",76.2690198342336
"ME","perc_ap_stem_asian","asian","perc_ap_stem",87.129840546697
"ME","perc_ap_stem_aian","aian","perc_ap_stem",64.7058823529412
"ME","perc_ap_stem_nhpi","nhpi","perc_ap_stem",71.875
"ME","perc_ap_stem_twomore","twomore","perc_ap_stem",82.8109201213347
"MI","avg_exp_year_perc_Hisp","Hisp","avg_exp_year_perc",95.0534614272084
"MI","avg_exp_year_perc_Black","Black","avg_exp_year_perc",93.7892134851557
"MI","avg_exp_year_perc_white","white","avg_exp_year_perc",96.015710708973
"MI","avg_exp_year_perc_asian","asian","avg_exp_year_perc",96.6646467936787
"MI","avg_exp_year_perc_aian","aian","avg_exp_year_perc",95.3954934113362
"MI","avg_exp_year_perc_nhpi","nhpi","avg_exp_year_perc",96.1036244499285
"MI","avg_exp_year_perc_twomore","twomore","avg_exp_year_perc",95.7160588002164
"MI","percent_adq_couns_Hisp","Hisp","percent_adq_couns",6.90634846841262
"MI","percent_adq_couns_Black","Black","percent_adq_couns",15.0179746695426
"MI","percent_adq_couns_white","white","percent_adq_couns",6.89643128689143
"MI","percent_adq_couns_asian","asian","percent_adq_couns",7.53611417299994
"MI","percent_adq_couns_aian","aian","percent_adq_couns",18.9110463813578
"MI","percent_adq_couns_nhpi","nhpi","percent_adq_couns",14.7859922178988
"MI","percent_adq_couns_twomore","twomore","percent_adq_couns",8.99660168127348
"MI","perc_ap_stem_Hisp","Hisp","perc_ap_stem",54.2615837594917
"MI","perc_ap_stem_Black","Black","perc_ap_stem",37.3253691720591
"MI","perc_ap_stem_white","white","perc_ap_stem",62.1697066417343
"MI","perc_ap_stem_asian","asian","perc_ap_stem",77.3916574810002
"MI","perc_ap_stem_aian","aian","perc_ap_stem",31.9291956083352
"MI","perc_ap_stem_nhpi","nhpi","perc_ap_stem",60.8949416342412
"MI","perc_ap_stem_twomore","twomore","perc_ap_stem",56.2391939426459
"MN","avg_exp_year_perc_Hisp","Hisp","avg_exp_year_perc",94.0561605895837
"MN","avg_exp_year_perc_Black","Black","avg_exp_year_perc",93.3716689054385
"MN","avg_exp_year_perc_white","white","avg_exp_year_perc",94.9622298976281
"MN","avg_exp_year_perc_asian","asian","avg_exp_year_perc",94.8086548016589
"MN","avg_exp_year_perc_aian","aian","avg_exp_year_perc",94.0607896737032
"MN","avg_exp_year_perc_nhpi","nhpi","avg_exp_year_perc",94.653355872982
"MN","avg_exp_year_perc_twomore","twomore","avg_exp_year_perc",94.7660544455187
"MN","percent_adq_couns_Hisp","Hisp","percent_adq_couns",13.7832662472156
"MN","percent_adq_couns_Black","Black","percent_adq_couns",17.9944924508594
"MN","percent_adq_couns_white","white","percent_adq_couns",9.56729887462907
"MN","percent_adq_couns_asian","asian","percent_adq_couns",9.1534686029449
"MN","percent_adq_couns_aian","aian","percent_adq_couns",24.7509578544061
"MN","percent_adq_couns_nhpi","nhpi","percent_adq_couns",11.8721461187215
"MN","percent_adq_couns_twomore","twomore","percent_adq_couns",14.8472906403941
"MN","perc_ap_stem_Hisp","Hisp","perc_ap_stem",49.8847160889445
"MN","perc_ap_stem_Black","Black","perc_ap_stem",51.4639318836451
"MN","perc_ap_stem_white","white","perc_ap_stem",48.7126189210924
"MN","perc_ap_stem_asian","asian","perc_ap_stem",58.4020644638972
"MN","perc_ap_stem_aian","aian","perc_ap_stem",22.6053639846743
"MN","perc_ap_stem_nhpi","nhpi","perc_ap_stem",50.2283105022831
"MN","perc_ap_stem_twomore","twomore","perc_ap_stem",47.35960591133
"MO","avg_exp_year_perc_Hisp","Hisp","avg_exp_year_perc",93.2331084194809
"MO","avg_exp_year_perc_Black","Black","avg_exp_year_perc",91.7559651317538
"MO","avg_exp_year_perc_white","white","avg_exp_year_perc",95.4335306238183
"MO","avg_exp_year_perc_asian","asian","avg_exp_year_perc",95.6182437987729
"MO","avg_exp_year_perc_aian","aian","avg_exp_year_perc",94.8275637718409
"MO","avg_exp_year_perc_nhpi","nhpi","avg_exp_year_perc",94.585243407198
"MO","avg_exp_year_perc_twomore","twomore","avg_exp_year_perc",95.3308016537481
"MO","percent_adq_couns_Hisp","Hisp","percent_adq_couns",19.9851870139489
"MO","percent_adq_couns_Black","Black","percent_adq_couns",32.1323687414942
"MO","percent_adq_couns_white","white","percent_adq_couns",25.7718990805867
"MO","percent_adq_couns_asian","asian","percent_adq_couns",19.1017219953843
"MO","percent_adq_couns_aian","aian","percent_adq_couns",18.8581314878893
"MO","percent_adq_couns_nhpi","nhpi","percent_adq_couns",17.3354735152488
"MO","percent_adq_couns_twomore","twomore","percent_adq_couns",21.7541171964764
"MO","perc_ap_stem_Hisp","Hisp","perc_ap_stem",56.7213924206888
"MO","perc_ap_stem_Black","Black","perc_ap_stem",64.1047680443139
"MO","perc_ap_stem_white","white","perc_ap_stem",49.6075089420746
"MO","perc_ap_stem_asian","asian","perc_ap_stem",76.6909284573052
"MO","perc_ap_stem_aian","aian","perc_ap_stem",41.8685121107266
"MO","perc_ap_stem_nhpi","nhpi","perc_ap_stem",56.8218298555377
"MO","perc_ap_stem_twomore","twomore","perc_ap_stem",66.7687986722839
"MS","avg_exp_year_perc_Hisp","Hisp","avg_exp_year_perc",93.2464755525286
"MS","avg_exp_year_perc_Black","Black","avg_exp_year_perc",91.8295779378884
"MS","avg_exp_year_perc_white","white","avg_exp_year_perc",95.3399951441748
"MS","avg_exp_year_perc_asian","asian","avg_exp_year_perc",94.9235262164875
"MS","avg_exp_year_perc_aian","aian","avg_exp_year_perc",96.0685779185398
"MS","avg_exp_year_perc_nhpi","nhpi","avg_exp_year_perc",94.7920270271745
"MS","avg_exp_year_perc_twomore","twomore","avg_exp_year_perc",94.3284745123541
"MS","percent_adq_couns_Hisp","Hisp","percent_adq_couns",8.15908159081591
"MS","percent_adq_couns_Black","Black","percent_adq_couns",16.243040758815
"MS","percent_adq_couns_white","white","percent_adq_couns",5.10544270429524
"MS","percent_adq_couns_asian","asian","percent_adq_couns",7.41421568627451
"MS","percent_adq_couns_aian","aian","percent_adq_couns",0.90293453724605
"MS","percent_adq_couns_nhpi","nhpi","percent_adq_couns",5.63380281690141
"MS","percent_adq_couns_twomore","twomore","percent_adq_couns",4.44691495275153
"MS","perc_ap_stem_Hisp","Hisp","perc_ap_stem",49.5694956949569
"MS","perc_ap_stem_Black","Black","perc_ap_stem",41.2743143858684
"MS","perc_ap_stem_white","white","perc_ap_stem",37.7306559156458
"MS","perc_ap_stem_asian","asian","perc_ap_stem",64.093137254902
"MS","perc_ap_stem_aian","aian","perc_ap_stem",16.7042889390519
"MS","perc_ap_stem_nhpi","nhpi","perc_ap_stem",63.3802816901408
"MS","perc_ap_stem_twomore","twomore","perc_ap_stem",43.9688715953307
"MT","avg_exp_year_perc_Hisp","Hisp","avg_exp_year_perc",93.9825696547604
"MT","avg_exp_year_perc_Black","Black","avg_exp_year_perc",94.4946886548202
"MT","avg_exp_year_perc_white","white","avg_exp_year_perc",94.4666023704104
"MT","avg_exp_year_perc_asian","asian","avg_exp_year_perc",94.9845866689302
"MT","avg_exp_year_perc_aian","aian","avg_exp_year_perc",93.1275434119516
"MT","avg_exp_year_perc_nhpi","nhpi","avg_exp_year_perc",93.6008577977673
"MT","avg_exp_year_perc_twomore","twomore","avg_exp_year_perc",93.3782366135465
"MT","percent_adq_couns_Hisp","Hisp","percent_adq_couns",21.409066084107
"MT","percent_adq_couns_Black","Black","percent_adq_couns",12.0481927710843
"MT","percent_adq_couns_white","white","percent_adq_couns",22.9602525893358
"MT","percent_adq_couns_asian","asian","percent_adq_couns",15.0717703349282
"MT","percent_adq_couns_aian","aian","percent_adq_couns",53.1694993109784
"MT","percent_adq_couns_nhpi","nhpi","percent_adq_couns",19.3548387096774
"MT","percent_adq_couns_twomore","twomore","percent_adq_couns",32.1076233183857
"MT","perc_ap_stem_Hisp","Hisp","perc_ap_stem",60.1856908793009
"MT","perc_ap_stem_Black","Black","perc_ap_stem",66.5060240963855
"MT","perc_ap_stem_white","white","perc_ap_stem",56.1509634394641
"MT","perc_ap_stem_asian","asian","perc_ap_stem",60.7655502392344
"MT","perc_ap_stem_aian","aian","perc_ap_stem",46.3022508038585
"MT","perc_ap_stem_nhpi","nhpi","perc_ap_stem",52.6881720430108
"MT","perc_ap_stem_twomore","twomore","perc_ap_stem",57.847533632287
"NC","avg_exp_year_perc_Hisp","Hisp","avg_exp_year_perc",97.5346591015958
"NC","avg_exp_year_perc_Black","Black","avg_exp_year_perc",96.6882569694702
"NC","avg_exp_year_perc_white","white","avg_exp_year_perc",97.9886276798735
"NC","avg_exp_year_perc_asian","asian","avg_exp_year_perc",97.9157564889198
"NC","avg_exp_year_perc_aian","aian","avg_exp_year_perc",98.1178440789922
"NC","avg_exp_year_perc_nhpi","nhpi","avg_exp_year_perc",97.3637107809202
"NC","avg_exp_year_perc_twomore","twomore","avg_exp_year_perc",97.4577575992921
"NC","percent_adq_couns_Hisp","Hisp","percent_adq_couns",26.9777365727276
"NC","percent_adq_couns_Black","Black","percent_adq_couns",28.7145683263112
"NC","percent_adq_couns_white","white","percent_adq_couns",21.8804313293091
"NC","percent_adq_couns_asian","asian","percent_adq_couns",23.2558139534884
"NC","percent_adq_couns_aian","aian","percent_adq_couns",26.8360655737705
"NC","percent_adq_couns_nhpi","nhpi","percent_adq_couns",20.0956937799043
"NC","percent_adq_couns_twomore","twomore","percent_adq_couns",23.3622538506531
"NC","perc_ap_stem_Hisp","Hisp","perc_ap_stem",70.2980733816787
"NC","perc_ap_stem_Black","Black","perc_ap_stem",64.2670532626588
"NC","perc_ap_stem_white","white","perc_ap_stem",75.4273112934273
"NC","perc_ap_stem_asian","asian","perc_ap_stem",82.8392537694863
"NC","perc_ap_stem_aian","aian","perc_ap_stem",66.4262295081967
"NC","perc_ap_stem_nhpi","nhpi","perc_ap_stem",70.4944178628389
"NC","perc_ap_stem_twomore","twomore","perc_ap_stem",72.275297328914
"ND","avg_exp_year_perc_Hisp","Hisp","avg_exp_year_perc",94.3201170345315
"ND","avg_exp_year_perc_Black","Black","avg_exp_year_perc",94.2250638911224
"ND","avg_exp_year_perc_white","white","avg_exp_year_perc",94.9432844815663
"ND","avg_exp_year_perc_asian","asian","avg_exp_year_perc",93.9416134611602
"ND","avg_exp_year_perc_aian","aian","avg_exp_year_perc",95.0170102168387
"ND","avg_exp_year_perc_nhpi","nhpi","avg_exp_year_perc",93.6274485779038
"ND","avg_exp_year_perc_twomore","twomore","avg_exp_year_perc",94.5163945153335
"ND","percent_adq_couns_Hisp","Hisp","percent_adq_couns",37.9986477349561
"ND","percent_adq_couns_Black","Black","percent_adq_couns",32.1808510638298
"ND","percent_adq_couns_white","white","percent_adq_couns",45.9602698095026
"ND","percent_adq_couns_asian","asian","percent_adq_couns",25.8119658119658
"ND","percent_adq_couns_aian","aian","percent_adq_couns",51.9140362659503
"ND","percent_adq_couns_nhpi","nhpi","percent_adq_couns",33.3333333333333
"ND","percent_adq_couns_twomore","twomore","percent_adq_couns",45.2191235059761
"ND","perc_ap_stem_Hisp","Hisp","perc_ap_stem",45.5713319810683
"ND","perc_ap_stem_Black","Black","perc_ap_stem",77.4601063829787
"ND","perc_ap_stem_white","white","perc_ap_stem",46.3975983989326
"ND","perc_ap_stem_asian","asian","perc_ap_stem",81.1965811965812
"ND","perc_ap_stem_aian","aian","perc_ap_stem",22.8676964405641
"ND","perc_ap_stem_nhpi","nhpi","perc_ap_stem",55.5555555555556
"ND","perc_ap_stem_twomore","twomore","perc_ap_stem",43.4262948207171
"NE","avg_exp_year_perc_Hisp","Hisp","avg_exp_year_perc",93.683660446457
"NE","avg_exp_year_perc_Black","Black","avg_exp_year_perc",92.7987265915185
"NE","avg_exp_year_perc_white","white","avg_exp_year_perc",94.9657934116055
"NE","avg_exp_year_perc_asian","asian","avg_exp_year_perc",93.9465815742168
"NE","avg_exp_year_perc_aian","aian","avg_exp_year_perc",94.8366965460796
"NE","avg_exp_year_perc_nhpi","nhpi","avg_exp_year_perc",95.3245680202321
"NE","avg_exp_year_perc_twomore","twomore","avg_exp_year_perc",93.8676869643773
"NE","percent_adq_couns_Hisp","Hisp","percent_adq_couns",17.5318533355589
"NE","percent_adq_couns_Black","Black","percent_adq_couns",17.2217837411208
"NE","percent_adq_couns_white","white","percent_adq_couns",24.503442609016
"NE","percent_adq_couns_asian","asian","percent_adq_couns",15.4574132492114
"NE","percent_adq_couns_aian","aian","percent_adq_couns",34.2067988668555
"NE","percent_adq_couns_nhpi","nhpi","percent_adq_couns",15.9663865546218
"NE","percent_adq_couns_twomore","twomore","percent_adq_couns",13.2537891002902
"NE","perc_ap_stem_Hisp","Hisp","perc_ap_stem",54.4817225838758
"NE","perc_ap_stem_Black","Black","perc_ap_stem",87.1349644830308
"NE","perc_ap_stem_white","white","perc_ap_stem",44.9480066868784
"NE","perc_ap_stem_asian","asian","perc_ap_stem",85.1735015772871
"NE","perc_ap_stem_aian","aian","perc_ap_stem",28.5410764872521
"NE","perc_ap_stem_nhpi","nhpi","perc_ap_stem",60.5042016806723
"NE","perc_ap_stem_twomore","twomore","perc_ap_stem",70.2354079329249
"NH","avg_exp_year_perc_Hisp","Hisp","avg_exp_year_perc",94.2366842184168
"NH","avg_exp_year_perc_Black","Black","avg_exp_year_perc",95.523532781248
"NH","avg_exp_year_perc_white","white","avg_exp_year_perc",96.0524291629924
"NH","avg_exp_year_perc_asian","asian","avg_exp_year_perc",95.7595662116087
"NH","avg_exp_year_perc_aian","aian","avg_exp_year_perc",96.4165307087495
"NH","avg_exp_year_perc_nhpi","nhpi","avg_exp_year_perc",96.8719181309111
"NH","avg_exp_year_perc_twomore","twomore","avg_exp_year_perc",95.6113347639115
"NH","percent_adq_couns_Hisp","Hisp","percent_adq_couns",95.418700713481
"NH","percent_adq_couns_Black","Black","percent_adq_couns",96.9030154849226
"NH","percent_adq_couns_white","white","percent_adq_couns",94.2561533882126
"NH","percent_adq_couns_asian","asian","percent_adq_couns",95.5841252096143
"NH","percent_adq_couns_aian","aian","percent_adq_couns",93.7931034482759
"NH","percent_adq_couns_nhpi","nhpi","percent_adq_couns",96.2264150943396
"NH","percent_adq_couns_twomore","twomore","percent_adq_couns",93.8603223330775
"NH","perc_ap_stem_Hisp","Hisp","perc_ap_stem",86.5189635749155
"NH","perc_ap_stem_Black","Black","perc_ap_stem",85.7375713121434
"NH","perc_ap_stem_white","white","perc_ap_stem",76.8932317861762
"NH","perc_ap_stem_asian","asian","perc_ap_stem",82.2806036892118
"NH","perc_ap_stem_aian","aian","perc_ap_stem",74.4827586206897
"NH","perc_ap_stem_nhpi","nhpi","perc_ap_stem",83.0188679245283
"NH","perc_ap_stem_twomore","twomore","perc_ap_stem",74.2133537989256
"NJ","avg_exp_year_perc_Hisp","Hisp","avg_exp_year_perc",93.9786107621286
"NJ","avg_exp_year_perc_Black","Black","avg_exp_year_perc",93.8242183623712
"NJ","avg_exp_year_perc_white","white","avg_exp_year_perc",95.7357237928516
"NJ","avg_exp_year_perc_asian","asian","avg_exp_year_perc",95.3302843072854
"NJ","avg_exp_year_perc_aian","aian","avg_exp_year_perc",94.9071307533024
"NJ","avg_exp_year_perc_nhpi","nhpi","avg_exp_year_perc",95.446926645311
"NJ","avg_exp_year_perc_twomore","twomore","avg_exp_year_perc",95.2210213141436
"NJ","percent_adq_couns_Hisp","Hisp","percent_adq_couns",53.6666356853765
"NJ","percent_adq_couns_Black","Black","percent_adq_couns",65.1540336879433
"NJ","percent_adq_couns_white","white","percent_adq_couns",80.514140830731
"NJ","percent_adq_couns_asian","asian","percent_adq_couns",76.200688127445
"NJ","percent_adq_couns_aian","aian","percent_adq_couns",74.5019920318725
"NJ","percent_adq_couns_nhpi","nhpi","percent_adq_couns",77.8900112233446
"NJ","percent_adq_couns_twomore","twomore","percent_adq_couns",74.8643761301989
"NJ","perc_ap_stem_Hisp","Hisp","perc_ap_stem",78.6660019771696
"NJ","perc_ap_stem_Black","Black","perc_ap_stem",70.8291777482269
"NJ","perc_ap_stem_white","white","perc_ap_stem",93.311372380104
"NJ","perc_ap_stem_asian","asian","perc_ap_stem",92.1595890088137
"NJ","perc_ap_stem_aian","aian","perc_ap_stem",85.6573705179283
"NJ","perc_ap_stem_nhpi","nhpi","perc_ap_stem",86.6442199775533
"NJ","perc_ap_stem_twomore","twomore","perc_ap_stem",86.3110307414105
"NM","avg_exp_year_perc_Hisp","Hisp","avg_exp_year_perc",92.6124365582275
"NM","avg_exp_year_perc_Black","Black","avg_exp_year_perc",91.1413560887701
"NM","avg_exp_year_perc_white","white","avg_exp_year_perc",92.7958003810987
"NM","avg_exp_year_perc_asian","asian","avg_exp_year_perc",93.7055166053965
"NM","avg_exp_year_perc_aian","aian","avg_exp_year_perc",92.1261082148197
"NM","avg_exp_year_perc_nhpi","nhpi","avg_exp_year_perc",87.9062798151756
"NM","avg_exp_year_perc_twomore","twomore","avg_exp_year_perc",92.4384107328017
"NM","percent_adq_couns_Hisp","Hisp","percent_adq_couns",15.5306841046278
"NM","percent_adq_couns_Black","Black","percent_adq_couns",12.156497438286
"NM","percent_adq_couns_white","white","percent_adq_couns",16.1832719291369
"NM","percent_adq_couns_asian","asian","percent_adq_couns",10.9579600275672
"NM","percent_adq_couns_aian","aian","percent_adq_couns",31.1361745400758
"NM","percent_adq_couns_nhpi","nhpi","percent_adq_couns",9.72222222222222
"NM","percent_adq_couns_twomore","twomore","percent_adq_couns",9.85748218527316
"NM","perc_ap_stem_Hisp","Hisp","perc_ap_stem",65.8529300804829
"NM","perc_ap_stem_Black","Black","perc_ap_stem",70.2841173730787
"NM","perc_ap_stem_white","white","perc_ap_stem",63.2201928353061
"NM","perc_ap_stem_asian","asian","perc_ap_stem",72.2260509993108
"NM","perc_ap_stem_aian","aian","perc_ap_stem",57.8441342331515
"NM","perc_ap_stem_nhpi","nhpi","perc_ap_stem",65.2777777777778
"NM","perc_ap_stem_twomore","twomore","perc_ap_stem",76.8408551068884
"NV","avg_exp_year_perc_Hisp","Hisp","avg_exp_year_perc",94.7403003233005
"NV","avg_exp_year_perc_Black","Black","avg_exp_year_perc",94.9912262488662
"NV","avg_exp_year_perc_white","white","avg_exp_year_perc",95.9083440861464
"NV","avg_exp_year_perc_asian","asian","avg_exp_year_perc",96.3822396663861
"NV","avg_exp_year_perc_aian","aian","avg_exp_year_perc",94.3033125280236
"NV","avg_exp_year_perc_nhpi","nhpi","avg_exp_year_perc",95.8094648535172
"NV","avg_exp_year_perc_twomore","twomore","avg_exp_year_perc",95.9341747588178
"NV","percent_adq_couns_Hisp","Hisp","percent_adq_couns",2.87615132353172
"NV","percent_adq_couns_Black","Black","percent_adq_couns",4.29141716566866
"NV","percent_adq_couns_white","white","percent_adq_couns",4.57748432558398
"NV","percent_adq_couns_asian","asian","percent_adq_couns",1.93617435298696
"NV","percent_adq_couns_aian","aian","percent_adq_couns",10.8243727598566
"NV","percent_adq_couns_nhpi","nhpi","percent_adq_couns",1.59503766061143
"NV","percent_adq_couns_twomore","twomore","percent_adq_couns",2.91690220463539
"NV","perc_ap_stem_Hisp","Hisp","perc_ap_stem",89.7287034567165
"NV","perc_ap_stem_Black","Black","perc_ap_stem",88.7636491722438
"NV","perc_ap_stem_white","white","perc_ap_stem",82.7701640496403
"NV","perc_ap_stem_asian","asian","perc_ap_stem",93.3060906791205
"NV","perc_ap_stem_aian","aian","perc_ap_stem",71.1111111111111
"NV","perc_ap_stem_nhpi","nhpi","perc_ap_stem",91.0943730615862
"NV","perc_ap_stem_twomore","twomore","perc_ap_stem",88.5585076314302
"NY","avg_exp_year_perc_Hisp","Hisp","avg_exp_year_perc",93.3356084201261
"NY","avg_exp_year_perc_Black","Black","avg_exp_year_perc",91.9106211890764
"NY","avg_exp_year_perc_white","white","avg_exp_year_perc",96.344444901208
"NY","avg_exp_year_perc_asian","asian","avg_exp_year_perc",95.0297932665687
"NY","avg_exp_year_perc_aian","aian","avg_exp_year_perc",93.227860434272
"NY","avg_exp_year_perc_nhpi","nhpi","avg_exp_year_perc",93.9940790723109
"NY","avg_exp_year_perc_twomore","twomore","avg_exp_year_perc",95.3199078701627
"NY","percent_adq_couns_Hisp","Hisp","percent_adq_couns",59.8853724977299
"NY","percent_adq_couns_Black","Black","percent_adq_couns",55.8741107997413
"NY","percent_adq_couns_white","white","percent_adq_couns",73.7430683065908
"NY","percent_adq_couns_asian","asian","percent_adq_couns",61.6409562580785
"NY","percent_adq_couns_aian","aian","percent_adq_couns",63.8430065161388
"NY","percent_adq_couns_nhpi","nhpi","percent_adq_couns",62.0089104900769
"NY","percent_adq_couns_twomore","twomore","percent_adq_couns",65.3571846135859
"NY","perc_ap_stem_Hisp","Hisp","perc_ap_stem",52.2554793778792
"NY","perc_ap_stem_Black","Black","perc_ap_stem",45.3783695646166
"NY","perc_ap_stem_white","white","perc_ap_stem",66.7982265937128
"NY","perc_ap_stem_asian","asian","perc_ap_stem",76.4885662168855
"NY","perc_ap_stem_aian","aian","perc_ap_stem",49.4771935141688
"NY","perc_ap_stem_nhpi","nhpi","perc_ap_stem",58.890238963143
"NY","perc_ap_stem_twomore","twomore","perc_ap_stem",62.1653221092014
"OH","avg_exp_year_perc_Hisp","Hisp","avg_exp_year_perc",94.8728640744319
"OH","avg_exp_year_perc_Black","Black","avg_exp_year_perc",94.0814898283342
"OH","avg_exp_year_perc_white","white","avg_exp_year_perc",96.3941210257747
"OH","avg_exp_year_perc_asian","asian","avg_exp_year_perc",97.0535247948267
"OH","avg_exp_year_perc_aian","aian","avg_exp_year_perc",95.4547461081033
"OH","avg_exp_year_perc_nhpi","nhpi","avg_exp_year_perc",95.8934126377753
"OH","avg_exp_year_perc_twomore","twomore","avg_exp_year_perc",95.5809036414137
"OH","percent_adq_couns_Hisp","Hisp","percent_adq_couns",14.2036011080332
"OH","percent_adq_couns_Black","Black","percent_adq_couns",15.5591086239632
"OH","percent_adq_couns_white","white","percent_adq_couns",13.9386062876175
"OH","percent_adq_couns_asian","asian","percent_adq_couns",10.2125103251483
"OH","percent_adq_couns_aian","aian","percent_adq_couns",16.4438502673797
"OH","percent_adq_couns_nhpi","nhpi","percent_adq_couns",10.2739726027397
"OH","percent_adq_couns_twomore","twomore","percent_adq_couns",13.3210822646231
"OH","perc_ap_stem_Hisp","Hisp","perc_ap_stem",43.5076177285319
"OH","perc_ap_stem_Black","Black","perc_ap_stem",33.2597181972619
"OH","perc_ap_stem_white","white","perc_ap_stem",46.8900408171333
"OH","perc_ap_stem_asian","asian","perc_ap_stem",61.8833070511376
"OH","perc_ap_stem_aian","aian","perc_ap_stem",42.379679144385
"OH","perc_ap_stem_nhpi","nhpi","perc_ap_stem",48.8584474885845
"OH","perc_ap_stem_twomore","twomore","perc_ap_stem",47.2747888645605
"OK","avg_exp_year_perc_Hisp","Hisp","avg_exp_year_perc",91.547315616793
"OK","avg_exp_year_perc_Black","Black","avg_exp_year_perc",90.06782974201
"OK","avg_exp_year_perc_white","white","avg_exp_year_perc",93.7315010004121
"OK","avg_exp_year_perc_asian","asian","avg_exp_year_perc",92.6628875647921
"OK","avg_exp_year_perc_aian","aian","avg_exp_year_perc",94.3927991562196
"OK","avg_exp_year_perc_nhpi","nhpi","avg_exp_year_perc",91.8465553199323
"OK","avg_exp_year_perc_twomore","twomore","avg_exp_year_perc",93.0703995469309
"OK","percent_adq_couns_Hisp","Hisp","percent_adq_couns",16.9460510407476
"OK","percent_adq_couns_Black","Black","percent_adq_couns",20.5989859686358
"OK","percent_adq_couns_white","white","percent_adq_couns",18.0640832757289
"OK","percent_adq_couns_asian","asian","percent_adq_couns",9.24994009106159
"OK","percent_adq_couns_aian","aian","percent_adq_couns",22.8512791479424
"OK","percent_adq_couns_nhpi","nhpi","percent_adq_couns",13.2075471698113
"OK","percent_adq_couns_twomore","twomore","percent_adq_couns",16.5897679468042
"OK","perc_ap_stem_Hisp","Hisp","perc_ap_stem",61.5952684377349
"OK","perc_ap_stem_Black","Black","perc_ap_stem",65.2045749322014
"OK","perc_ap_stem_white","white","perc_ap_stem",54.8194608221852
"OK","perc_ap_stem_asian","asian","perc_ap_stem",81.1167026120297
"OK","perc_ap_stem_aian","aian","perc_ap_stem",40.4302749371926
"OK","perc_ap_stem_nhpi","nhpi","perc_ap_stem",72.3270440251572
"OK","perc_ap_stem_twomore","twomore","perc_ap_stem",60.5577418917085
"OR","avg_exp_year_perc_Hisp","Hisp","avg_exp_year_perc",93.9837678874451
"OR","avg_exp_year_perc_Black","Black","avg_exp_year_perc",94.8107543699978
"OR","avg_exp_year_perc_white","white","avg_exp_year_perc",94.8583058762491
"OR","avg_exp_year_perc_asian","asian","avg_exp_year_perc",95.6967817645145
"OR","avg_exp_year_perc_aian","aian","avg_exp_year_perc",93.6472206988982
"OR","avg_exp_year_perc_nhpi","nhpi","avg_exp_year_perc",93.9324041353723
"OR","avg_exp_year_perc_twomore","twomore","avg_exp_year_perc",94.8539783399711
"OR","percent_adq_couns_Hisp","Hisp","percent_adq_couns",10.9980974681692
"OR","percent_adq_couns_Black","Black","percent_adq_couns",11.507561436673
"OR","percent_adq_couns_white","white","percent_adq_couns",11.5217810331534
"OR","percent_adq_couns_asian","asian","percent_adq_couns",5.82117945466075
"OR","percent_adq_couns_aian","aian","percent_adq_couns",14.3843080276062
"OR","percent_adq_couns_nhpi","nhpi","percent_adq_couns",9.92125984251969
"OR","percent_adq_couns_twomore","twomore","percent_adq_couns",11.9436468054559
"OR","perc_ap_stem_Hisp","Hisp","perc_ap_stem",47.8535538318942
"OR","perc_ap_stem_Black","Black","perc_ap_stem",62.0746691871456
"OR","perc_ap_stem_white","white","perc_ap_stem",46.630043690568
"OR","perc_ap_stem_asian","asian","perc_ap_stem",59.3024730500951
"OR","perc_ap_stem_aian","aian","perc_ap_stem",39.4841990555757
"OR","perc_ap_stem_nhpi","nhpi","perc_ap_stem",46.5354330708661
"OR","perc_ap_stem_twomore","twomore","perc_ap_stem",48.3399138549892
"PA","avg_exp_year_perc_Hisp","Hisp","avg_exp_year_perc",93.8766293144424
"PA","avg_exp_year_perc_Black","Black","avg_exp_year_perc",91.809769676121
"PA","avg_exp_year_perc_white","white","avg_exp_year_perc",96.7278072305741
"PA","avg_exp_year_perc_asian","asian","avg_exp_year_perc",95.7268217582639
"PA","avg_exp_year_perc_aian","aian","avg_exp_year_perc",95.2948491316707
"PA","avg_exp_year_perc_nhpi","nhpi","avg_exp_year_perc",96.23745380852
"PA","avg_exp_year_perc_twomore","twomore","avg_exp_year_perc",95.1625217286232
"PA","percent_adq_couns_Hisp","Hisp","percent_adq_couns",29.8519290315953
"PA","percent_adq_couns_Black","Black","percent_adq_couns",25.7857279836355
"PA","percent_adq_couns_white","white","percent_adq_couns",21.9428513727191
"PA","percent_adq_couns_asian","asian","percent_adq_couns",23.7976239246211
"PA","percent_adq_couns_aian","aian","percent_adq_couns",25.0243427458617
"PA","percent_adq_couns_nhpi","nhpi","percent_adq_couns",21.4689265536723
"PA","percent_adq_couns_twomore","twomore","percent_adq_couns",20.9706444719379
"PA","perc_ap_stem_Hisp","Hisp","perc_ap_stem",65.6721893664793
"PA","perc_ap_stem_Black","Black","perc_ap_stem",54.4224499797575
"PA","perc_ap_stem_white","white","perc_ap_stem",77.3629288958349
"PA","perc_ap_stem_asian","asian","perc_ap_stem",80.5448586644818
"PA","perc_ap_stem_aian","aian","perc_ap_stem",72.8334956183057
"PA","perc_ap_stem_nhpi","nhpi","perc_ap_stem",84.180790960452
"PA","perc_ap_stem_twomore","twomore","perc_ap_stem",70.2395681025756
"RI","avg_exp_year_perc_Hisp","Hisp","avg_exp_year_perc",95.0581485617391
"RI","avg_exp_year_perc_Black","Black","avg_exp_year_perc",94.6561589763604
"RI","avg_exp_year_perc_white","white","avg_exp_year_perc",96.8309731619319
"RI","avg_exp_year_perc_asian","asian","avg_exp_year_perc",96.4526832353813
"RI","avg_exp_year_perc_aian","aian","avg_exp_year_perc",96.12305396586
"RI","avg_exp_year_perc_nhpi","nhpi","avg_exp_year_perc",95.669282285567
"RI","avg_exp_year_perc_twomore","twomore","avg_exp_year_perc",96.1075742706045
"RI","percent_adq_couns_Hisp","Hisp","percent_adq_couns",48.2291320252744
"RI","percent_adq_couns_Black","Black","percent_adq_couns",54.6901374487581
"RI","percent_adq_couns_white","white","percent_adq_couns",74.8864121781678
"RI","percent_adq_couns_asian","asian","percent_adq_couns",59.3272171253823
"RI","percent_adq_couns_aian","aian","percent_adq_couns",58.125
"RI","percent_adq_couns_nhpi","nhpi","percent_adq_couns",68.0555555555556
"RI","percent_adq_couns_twomore","twomore","percent_adq_couns",67.1261199172984
"RI","perc_ap_stem_Hisp","Hisp","perc_ap_stem",61.1988693049551
"RI","perc_ap_stem_Black","Black","perc_ap_stem",55.5341210513624
"RI","perc_ap_stem_white","white","perc_ap_stem",90.120772008854
"RI","perc_ap_stem_asian","asian","perc_ap_stem",89.0672782874618
"RI","perc_ap_stem_aian","aian","perc_ap_stem",68.125
"RI","perc_ap_stem_nhpi","nhpi","perc_ap_stem",62.5
"RI","perc_ap_stem_twomore","twomore","perc_ap_stem",74.2246726395589
"SC","avg_exp_year_perc_Hisp","Hisp","avg_exp_year_perc",93.6991593586029
"SC","avg_exp_year_perc_Black","Black","avg_exp_year_perc",93.6211251923633
"SC","avg_exp_year_perc_white","white","avg_exp_year_perc",95.0077083576161
"SC","avg_exp_year_perc_asian","asian","avg_exp_year_perc",94.8367617753668
"SC","avg_exp_year_perc_aian","aian","avg_exp_year_perc",94.9993009159361
"SC","avg_exp_year_perc_nhpi","nhpi","avg_exp_year_perc",94.574916990773
"SC","avg_exp_year_perc_twomore","twomore","avg_exp_year_perc",94.3416505065849
"SC","percent_adq_couns_Hisp","Hisp","percent_adq_couns",14.713728709214
"SC","percent_adq_couns_Black","Black","percent_adq_couns",22.8340039729028
"SC","percent_adq_couns_white","white","percent_adq_couns",15.6700178609033
"SC","percent_adq_couns_asian","asian","percent_adq_couns",14.6612740141557
"SC","percent_adq_couns_aian","aian","percent_adq_couns",14.2112125162973
"SC","percent_adq_couns_nhpi","nhpi","percent_adq_couns",13.6942675159236
"SC","percent_adq_couns_twomore","twomore","percent_adq_couns",15.7609414253603
"SC","perc_ap_stem_Hisp","Hisp","perc_ap_stem",69.6747383541966
"SC","perc_ap_stem_Black","Black","perc_ap_stem",58.1240768094535
"SC","perc_ap_stem_white","white","perc_ap_stem",72.2383845631878
"SC","perc_ap_stem_asian","asian","perc_ap_stem",80.8645096056623
"SC","perc_ap_stem_aian","aian","perc_ap_stem",58.0182529335072
"SC","perc_ap_stem_nhpi","nhpi","perc_ap_stem",72.2929936305732
"SC","perc_ap_stem_twomore","twomore","perc_ap_stem",75.4065846886156
"SD","avg_exp_year_perc_Hisp","Hisp","avg_exp_year_perc",95.1746379098345
"SD","avg_exp_year_perc_Black","Black","avg_exp_year_perc",95.7138652560719
"SD","avg_exp_year_perc_white","white","avg_exp_year_perc",95.6006674881382
"SD","avg_exp_year_perc_asian","asian","avg_exp_year_perc",96.1686182893249
"SD","avg_exp_year_perc_aian","aian","avg_exp_year_perc",91.7100988357612
"SD","avg_exp_year_perc_nhpi","nhpi","avg_exp_year_perc",94.8258841393888
"SD","avg_exp_year_perc_twomore","twomore","avg_exp_year_perc",94.713494149921
"SD","percent_adq_couns_Hisp","Hisp","percent_adq_couns",26.3103802672148
"SD","percent_adq_couns_Black","Black","percent_adq_couns",34.3880099916736
"SD","percent_adq_couns_white","white","percent_adq_couns",25.3201297592624
"SD","percent_adq_couns_asian","asian","percent_adq_couns",25.832223701731
"SD","percent_adq_couns_aian","aian","percent_adq_couns",50.8233957978421
"SD","percent_adq_couns_nhpi","nhpi","percent_adq_couns",28.5714285714286
"SD","percent_adq_couns_twomore","twomore","percent_adq_couns",27.2256728778468
"SD","perc_ap_stem_Hisp","Hisp","perc_ap_stem",57.7081192189106
"SD","perc_ap_stem_Black","Black","perc_ap_stem",75.9367194004996
"SD","perc_ap_stem_white","white","perc_ap_stem",47.2357862386887
"SD","perc_ap_stem_asian","asian","perc_ap_stem",58.7217043941411
"SD","perc_ap_stem_aian","aian","perc_ap_stem",30.0965360590574
"SD","perc_ap_stem_nhpi","nhpi","perc_ap_stem",40.4761904761905
"SD","perc_ap_stem_twomore","twomore","perc_ap_stem",50.6211180124224
"TN","avg_exp_year_perc_Hisp","Hisp","avg_exp_year_perc",92.9418901867891
"TN","avg_exp_year_perc_Black","Black","avg_exp_year_perc",91.1660365930824
"TN","avg_exp_year_perc_white","white","avg_exp_year_perc",95.0191264038006
"TN","avg_exp_year_perc_asian","asian","avg_exp_year_perc",94.6972703429542
"TN","avg_exp_year_perc_aian","aian","avg_exp_year_perc",93.6512811409182
"TN","avg_exp_year_perc_nhpi","nhpi","avg_exp_year_perc",93.8567084438906
"TN","avg_exp_year_perc_twomore","twomore","avg_exp_year_perc",94.1840859058266
"TN","percent_adq_couns_Hisp","Hisp","percent_adq_couns",11.1985208816705
"TN","percent_adq_couns_Black","Black","percent_adq_couns",18.0998497244949
"TN","percent_adq_couns_white","white","percent_adq_couns",8.49211881801634
"TN","percent_adq_couns_asian","asian","percent_adq_couns",6.09993510707333
"TN","percent_adq_couns_aian","aian","percent_adq_couns",7.40740740740741
"TN","percent_adq_couns_nhpi","nhpi","percent_adq_couns",7.30994152046784
"TN","percent_adq_couns_twomore","twomore","percent_adq_couns",9.06244564272047
"TN","perc_ap_stem_Hisp","Hisp","perc_ap_stem",53.2156322505801
"TN","perc_ap_stem_Black","Black","perc_ap_stem",39.598354559116
"TN","perc_ap_stem_white","white","perc_ap_stem",50.037759962821
"TN","perc_ap_stem_asian","asian","perc_ap_stem",71.8526930564569
"TN","perc_ap_stem_aian","aian","perc_ap_stem",48.8888888888889
"TN","perc_ap_stem_nhpi","nhpi","perc_ap_stem",63.7426900584795
"TN","perc_ap_stem_twomore","twomore","perc_ap_stem",64.1328926769873
"TX","avg_exp_year_perc_Hisp","Hisp","avg_exp_year_perc",91.508231731441
"TX","avg_exp_year_perc_Black","Black","avg_exp_year_perc",90.2526357134719
"TX","avg_exp_year_perc_white","white","avg_exp_year_perc",93.4977549045794
"TX","avg_exp_year_perc_asian","asian","avg_exp_year_perc",92.9849941282245
"TX","avg_exp_year_perc_aian","aian","avg_exp_year_perc",92.3040210138862
"TX","avg_exp_year_perc_nhpi","nhpi","avg_exp_year_perc",92.0410791083256
"TX","avg_exp_year_perc_twomore","twomore","avg_exp_year_perc",92.516244032593
"TX","percent_adq_couns_Hisp","Hisp","percent_adq_couns",17.4367557385759
"TX","percent_adq_couns_Black","Black","percent_adq_couns",15.4393958247586
"TX","percent_adq_couns_white","white","percent_adq_couns",12.4559709812412
"TX","percent_adq_couns_asian","asian","percent_adq_couns",8.3794228904639
"TX","percent_adq_couns_aian","aian","percent_adq_couns",12.2215149586251
"TX","percent_adq_couns_nhpi","nhpi","percent_adq_couns",12.9666011787819
"TX","percent_adq_couns_twomore","twomore","percent_adq_couns",11.4291772688719
"TX","perc_ap_stem_Hisp","Hisp","perc_ap_stem",79.6501788045371
"TX","perc_ap_stem_Black","Black","perc_ap_stem",80.4992677533908
"TX","perc_ap_stem_white","white","perc_ap_stem",73.0512109999838
"TX","perc_ap_stem_asian","asian","perc_ap_stem",87.1236019501004
"TX","perc_ap_stem_aian","aian","perc_ap_stem",75.1909611712285
"TX","perc_ap_stem_nhpi","nhpi","perc_ap_stem",82.0039292730845
"TX","perc_ap_stem_twomore","twomore","perc_ap_stem",77.259784320853
"UT","avg_exp_year_perc_Hisp","Hisp","avg_exp_year_perc",91.8351230127755
"UT","avg_exp_year_perc_Black","Black","avg_exp_year_perc",92.4369636407375
"UT","avg_exp_year_perc_white","white","avg_exp_year_perc",91.8413471207657
"UT","avg_exp_year_perc_asian","asian","avg_exp_year_perc",91.9805319996444
"UT","avg_exp_year_perc_aian","aian","avg_exp_year_perc",92.7209221035598
"UT","avg_exp_year_perc_nhpi","nhpi","avg_exp_year_perc",92.4509592814393
"UT","avg_exp_year_perc_twomore","twomore","avg_exp_year_perc",91.9088333616198
"UT","percent_adq_couns_Hisp","Hisp","percent_adq_couns",8.32458901713886
"UT","percent_adq_couns_Black","Black","percent_adq_couns",11.3475177304965
"UT","percent_adq_couns_white","white","percent_adq_couns",5.83613863507587
"UT","percent_adq_couns_asian","asian","percent_adq_couns",9.022860610965
"UT","percent_adq_couns_aian","aian","percent_adq_couns",24.4241316270567
"UT","percent_adq_couns_nhpi","nhpi","percent_adq_couns",5.77788302154866
"UT","percent_adq_couns_twomore","twomore","percent_adq_couns",6.09688962290118
"UT","perc_ap_stem_Hisp","Hisp","perc_ap_stem",54.6235571878279
"UT","perc_ap_stem_Black","Black","perc_ap_stem",54.0273556231003
"UT","perc_ap_stem_white","white","perc_ap_stem",45.7353858460425
"UT","perc_ap_stem_asian","asian","perc_ap_stem",60.6514262593567
"UT","perc_ap_stem_aian","aian","perc_ap_stem",36.3436928702011
"UT","perc_ap_stem_nhpi","nhpi","perc_ap_stem",57.2105138527113
"UT","perc_ap_stem_twomore","twomore","perc_ap_stem",46.44921552436
"VA","avg_exp_year_perc_Hisp","Hisp","avg_exp_year_perc",93.8002507754876
"VA","avg_exp_year_perc_Black","Black","avg_exp_year_perc",93.0162443450461
"VA","avg_exp_year_perc_white","white","avg_exp_year_perc",95.2453391236838
"VA","avg_exp_year_perc_asian","asian","avg_exp_year_perc",94.8863009786098
"VA","avg_exp_year_perc_aian","aian","avg_exp_year_perc",94.4422954617557
"VA","avg_exp_year_perc_nhpi","nhpi","avg_exp_year_perc",94.8496042019307
"VA","avg_exp_year_perc_twomore","twomore","avg_exp_year_perc",94.6364294637075
"VA","percent_adq_couns_Hisp","Hisp","percent_adq_couns",35.050195678067
"VA","percent_adq_couns_Black","Black","percent_adq_couns",21.7288482978412
"VA","percent_adq_couns_white","white","percent_adq_couns",24.5438827637888
"VA","percent_adq_couns_asian","asian","percent_adq_couns",42.4650180725047
"VA","percent_adq_couns_aian","aian","percent_adq_couns",28.0289330922242
"VA","percent_adq_couns_nhpi","nhpi","percent_adq_couns",21.4765100671141
"VA","percent_adq_couns_twomore","twomore","percent_adq_couns",24.6282821891806
"VA","perc_ap_stem_Hisp","Hisp","perc_ap_stem",81.7032499574613
"VA","perc_ap_stem_Black","Black","perc_ap_stem",81.4862779986261
"VA","perc_ap_stem_white","white","perc_ap_stem",81.8277995190259
"VA","perc_ap_stem_asian","asian","perc_ap_stem",88.7664173496046
"VA","perc_ap_stem_aian","aian","perc_ap_stem",82.6401446654611
"VA","perc_ap_stem_nhpi","nhpi","perc_ap_stem",91.1073825503356
"VA","perc_ap_stem_twomore","twomore","perc_ap_stem",87.525044817041
"VT","avg_exp_year_perc_Hisp","Hisp","avg_exp_year_perc",96.0262216768039
"VT","avg_exp_year_perc_Black","Black","avg_exp_year_perc",97.5520858498282
"VT","avg_exp_year_perc_white","white","avg_exp_year_perc",95.5051039897307
"VT","avg_exp_year_perc_asian","asian","avg_exp_year_perc",97.6205194151921
"VT","avg_exp_year_perc_aian","aian","avg_exp_year_perc",92.6234534062404
"VT","avg_exp_year_perc_nhpi","nhpi","avg_exp_year_perc",96.2881458904382
"VT","avg_exp_year_perc_twomore","twomore","avg_exp_year_perc",94.9559204926103
"VT","percent_adq_couns_Hisp","Hisp","percent_adq_couns",86.6425992779783
"VT","percent_adq_couns_Black","Black","percent_adq_couns",87.3873873873874
"VT","percent_adq_couns_white","white","percent_adq_couns",86.4333048745782
"VT","percent_adq_couns_asian","asian","percent_adq_couns",81.8181818181818
"VT","percent_adq_couns_aian","aian","percent_adq_couns",91.4634146341463
"VT","percent_adq_couns_nhpi","nhpi","percent_adq_couns",81.25
"VT","percent_adq_couns_twomore","twomore","percent_adq_couns",88.7484197218711
"VT","perc_ap_stem_Hisp","Hisp","perc_ap_stem",84.4765342960289
"VT","perc_ap_stem_Black","Black","perc_ap_stem",76.7567567567568
"VT","perc_ap_stem_white","white","perc_ap_stem",77.4281416432898
"VT","perc_ap_stem_asian","asian","perc_ap_stem",81.47512864494
"VT","perc_ap_stem_aian","aian","perc_ap_stem",95.1219512195122
"VT","perc_ap_stem_nhpi","nhpi","perc_ap_stem",87.5
"VT","perc_ap_stem_twomore","twomore","perc_ap_stem",80.9102402022756
"WA","avg_exp_year_perc_Hisp","Hisp","avg_exp_year_perc",95.7126716505607
"WA","avg_exp_year_perc_Black","Black","avg_exp_year_perc",95.0859984090595
"WA","avg_exp_year_perc_white","white","avg_exp_year_perc",96.695558226968
"WA","avg_exp_year_perc_asian","asian","avg_exp_year_perc",95.8936890498546
"WA","avg_exp_year_perc_aian","aian","avg_exp_year_perc",96.2608108307216
"WA","avg_exp_year_perc_nhpi","nhpi","avg_exp_year_perc",95.4530048080341
"WA","avg_exp_year_perc_twomore","twomore","avg_exp_year_perc",96.3703603347379
"WA","percent_adq_couns_Hisp","Hisp","percent_adq_couns",9.24832541400376
"WA","percent_adq_couns_Black","Black","percent_adq_couns",6.57532570799437
"WA","percent_adq_couns_white","white","percent_adq_couns",8.83326350082151
"WA","percent_adq_couns_asian","asian","percent_adq_couns",3.49754745148219
"WA","percent_adq_couns_aian","aian","percent_adq_couns",18.4449958643507
"WA","percent_adq_couns_nhpi","nhpi","percent_adq_couns",8.31420555980617
"WA","percent_adq_couns_twomore","twomore","percent_adq_couns",8.27459273182957
"WA","perc_ap_stem_Hisp","Hisp","perc_ap_stem",55.7550685843825
"WA","perc_ap_stem_Black","Black","perc_ap_stem",61.5266988806655
"WA","perc_ap_stem_white","white","perc_ap_stem",61.933120854185
"WA","perc_ap_stem_asian","asian","perc_ap_stem",74.4543968152413
"WA","perc_ap_stem_aian","aian","perc_ap_stem",43.2382133995037
"WA","perc_ap_stem_nhpi","nhpi","perc_ap_stem",64.4733486355522
"WA","perc_ap_stem_twomore","twomore","perc_ap_stem",65.1824874686717
"WI","avg_exp_year_perc_Hisp","Hisp","avg_exp_year_perc",94.185163985887
"WI","avg_exp_year_perc_Black","Black","avg_exp_year_perc",92.8508568336973
"WI","avg_exp_year_perc_white","white","avg_exp_year_perc",95.3173174112436
"WI","avg_exp_year_perc_asian","asian","avg_exp_year_perc",95.0689208981295
"WI","avg_exp_year_perc_aian","aian","avg_exp_year_perc",95.2627849016206
"WI","avg_exp_year_perc_nhpi","nhpi","avg_exp_year_perc",94.2750741304904
"WI","avg_exp_year_perc_twomore","twomore","avg_exp_year_perc",94.8487233254521
"WI","percent_adq_couns_Hisp","Hisp","percent_adq_couns",16.4564707482068
"WI","percent_adq_couns_Black","Black","percent_adq_couns",14.3607505804438
"WI","percent_adq_couns_white","white","percent_adq_couns",14.9959764348232
"WI","percent_adq_couns_asian","asian","percent_adq_couns",10
"WI","percent_adq_couns_aian","aian","percent_adq_couns",29.8223745715176
"WI","percent_adq_couns_nhpi","nhpi","percent_adq_couns",13.1067961165049
"WI","percent_adq_couns_twomore","twomore","percent_adq_couns",15.5847436221268
"WI","perc_ap_stem_Hisp","Hisp","perc_ap_stem",71.67624162899
"WI","perc_ap_stem_Black","Black","perc_ap_stem",52.0458265139116
"WI","perc_ap_stem_white","white","perc_ap_stem",72.610449347785
"WI","perc_ap_stem_asian","asian","perc_ap_stem",81.3957597173145
"WI","perc_ap_stem_aian","aian","perc_ap_stem",57.2764100966033
"WI","perc_ap_stem_nhpi","nhpi","perc_ap_stem",73.7864077669903
"WI","perc_ap_stem_twomore","twomore","perc_ap_stem",71.9752462743117
"WV","avg_exp_year_perc_Hisp","Hisp","avg_exp_year_perc",95.4065759653732
"WV","avg_exp_year_perc_Black","Black","avg_exp_year_perc",94.5593861201766
"WV","avg_exp_year_perc_white","white","avg_exp_year_perc",95.7164964351211
"WV","avg_exp_year_perc_asian","asian","avg_exp_year_perc",95.9173614076837
"WV","avg_exp_year_perc_aian","aian","avg_exp_year_perc",95.055620983358
"WV","avg_exp_year_perc_nhpi","nhpi","avg_exp_year_perc",95.9457156426516
"WV","avg_exp_year_perc_twomore","twomore","avg_exp_year_perc",95.1722231397929
"WV","percent_adq_couns_Hisp","Hisp","percent_adq_couns",7.33532934131737
"WV","percent_adq_couns_Black","Black","percent_adq_couns",16.1508452535761
"WV","percent_adq_couns_white","white","percent_adq_couns",13.1975199291408
"WV","percent_adq_couns_asian","asian","percent_adq_couns",5.76923076923077
"WV","percent_adq_couns_aian","aian","percent_adq_couns",13.6363636363636
"WV","percent_adq_couns_nhpi","nhpi","percent_adq_couns",15.1515151515152
"WV","percent_adq_couns_twomore","twomore","percent_adq_couns",10.8998732572877
"WV","perc_ap_stem_Hisp","Hisp","perc_ap_stem",92.1407185628742
"WV","perc_ap_stem_Black","Black","perc_ap_stem",78.5695708712614
"WV","perc_ap_stem_white","white","perc_ap_stem",79.4776820463269
"WV","perc_ap_stem_asian","asian","perc_ap_stem",92.6282051282051
"WV","perc_ap_stem_aian","aian","perc_ap_stem",79.5454545454545
"WV","perc_ap_stem_nhpi","nhpi","perc_ap_stem",84.8484848484848
"WV","perc_ap_stem_twomore","twomore","perc_ap_stem",87.4524714828897
"WY","avg_exp_year_perc_Hisp","Hisp","avg_exp_year_perc",94.8617839319719
"WY","avg_exp_year_perc_Black","Black","avg_exp_year_perc",93.9600051125574
"WY","avg_exp_year_perc_white","white","avg_exp_year_perc",95.7612510447575
"WY","avg_exp_year_perc_asian","asian","avg_exp_year_perc",95.3087061329471
"WY","avg_exp_year_perc_aian","aian","avg_exp_year_perc",91.598779760261
"WY","avg_exp_year_perc_nhpi","nhpi","avg_exp_year_perc",95.0392564008236
"WY","avg_exp_year_perc_twomore","twomore","avg_exp_year_perc",95.0027468777826
"WY","percent_adq_couns_Hisp","Hisp","percent_adq_couns",25.8513931888545
"WY","percent_adq_couns_Black","Black","percent_adq_couns",22.0496894409938
"WY","percent_adq_couns_white","white","percent_adq_couns",39.1966881000617
"WY","percent_adq_couns_asian","asian","percent_adq_couns",23.4848484848485
"WY","percent_adq_couns_aian","aian","percent_adq_couns",85.5899419729207
"WY","percent_adq_couns_nhpi","nhpi","percent_adq_couns",43.6363636363636
"WY","percent_adq_couns_twomore","twomore","percent_adq_couns",36.1563517915309
"WY","perc_ap_stem_Hisp","Hisp","perc_ap_stem",64.2414860681115
"WY","perc_ap_stem_Black","Black","perc_ap_stem",63.0434782608696
"WY","perc_ap_stem_white","white","perc_ap_stem",52.6072403769929
"WY","perc_ap_stem_asian","asian","perc_ap_stem",74.2424242424242
"WY","perc_ap_stem_aian","aian","perc_ap_stem",20.6963249516441
"WY","perc_ap_stem_nhpi","nhpi","perc_ap_stem",56.3636363636364
"WY","perc_ap_stem_twomore","twomore","perc_ap_stem",65.3094462540717
